hour,refill_cap,method,relaxed_objective,eval_mean_profit_200,eval_mean_sales_200,eval_mean_lost_200
1,27,scipy_milp,8831.81794871795,2430.08,996.99,383.45
2,40,scipy_milp,8831.81794871795,2430.08,996.99,383.45
3,40,scipy_milp,8831.81794871795,2430.08,996.99,383.45
4,40,scipy_milp,8831.81794871795,2430.08,996.99,383.45
5,25,scipy_milp,8831.81794871795,2430.08,996.99,383.45
6,19,scipy_milp,8831.81794871795,2430.08,996.99,383.45
