,count,mean,std,min,25%,50%,75%,max
run,500.0,249.5,144.4818327679989,0.0,124.75,249.5,374.25,499.0
profit,500.0,2275.512,286.2649561266842,1148.0,2128.0,2316.0,2476.0,2864.0
sales,500.0,986.674,16.013512705785594,912.0,982.0,992.0,998.0,1000.0
lost,500.0,391.144,40.70839730599136,284.0,363.0,390.0,419.0,512.0
leftover,500.0,13.326,16.013512705785597,0.0,2.0,8.0,18.0,88.0
refilled,500.0,814.16,11.54369584784939,800.0,803.0,813.0,823.0,846.0
distance,500.0,151.298,25.854246849605204,90.0,128.75,152.0,176.25,194.0
