policy,mean_profit,mean_sales,mean_lost,mean_leftover
new_milp_per_hour,2437.16,997.32,382.67,2.68
tuned_R30,2276.4133333333334,987.2733333333333,392.71666666666664,12.726666666666667
team_R18,-905.2933333333333,788.4166666666666,591.5733333333334,211.58333333333334
original_myopic_R15,-2126.5733333333333,712.0866666666667,667.9033333333333,287.91333333333336
